{
  "best_global_step": null,
  "best_metric": null,
  "best_model_checkpoint": null,
  "epoch": 1.0,
  "eval_steps": 500,
  "global_step": 8,
  "is_hyper_param_search": false,
  "is_local_process_zero": true,
  "is_world_process_zero": true,
  "log_history": [
    {
      "entropy": 10.82456636428833,
      "epoch": 0.12903225806451613,
      "grad_norm": 1.1423054933547974,
      "learning_rate": 5e-05,
      "logits/chosen": 4.731875392227174e-06,
      "logits/rejected": 1.2481456460994835e-06,
      "logps/chosen": -460.10584259033203,
      "logps/rejected": -368.11527252197266,
      "loss": 0.6931471824645996,
      "mean_token_accuracy": 0.0,
      "num_tokens": 488.0,
      "rewards/accuracies": 0.0,
      "rewards/chosen": 0.0,
      "rewards/margins": 0.0,
      "rewards/rejected": 0.0,
      "step": 1
    },
    {
      "entropy": 10.824575424194336,
      "epoch": 0.25806451612903225,
      "grad_norm": 0.6635949015617371,
      "learning_rate": 4.375e-05,
      "logits/chosen": -2.426550309457899e-06,
      "logits/rejected": -1.972110450041306e-06,
      "logps/chosen": -454.60121154785156,
      "logps/rejected": -327.45711517333984,
      "loss": 0.6931178569793701,
      "mean_token_accuracy": 0.0,
      "num_tokens": 941.0,
      "rewards/accuracies": 0.5,
      "rewards/chosen": 8.010864985408261e-05,
      "rewards/margins": 5.87463473493699e-05,
      "rewards/rejected": 2.1362302504712716e-05,
      "step": 2
    },
    {
      "entropy": 10.824575185775757,
      "epoch": 0.3870967741935484,
      "grad_norm": 0.7129596471786499,
      "learning_rate": 3.7500000000000003e-05,
      "logits/chosen": -7.844482969185639e-06,
      "logits/rejected": 3.004191503112982e-07,
      "logps/chosen": -487.05968475341797,
      "logps/rejected": -376.13008880615234,
      "loss": 0.692974865436554,
      "mean_token_accuracy": 0.0,
      "num_tokens": 1446.0,
      "rewards/accuracies": 0.75,
      "rewards/chosen": 0.0005531310998776462,
      "rewards/margins": 0.0003448486386332661,
      "rewards/rejected": 0.000208282458515896,
      "step": 3
    },
    {
      "entropy": 10.824577569961548,
      "epoch": 0.5161290322580645,
      "grad_norm": 2.2591445446014404,
      "learning_rate": 3.125e-05,
      "logits/chosen": -2.765448206217467e-05,
      "logits/rejected": -7.238414310708404e-06,
      "logps/chosen": -557.3251953125,
      "logps/rejected": -378.88770294189453,
      "loss": 0.6921526789665222,
      "mean_token_accuracy": 0.0,
      "num_tokens": 1968.0,
      "rewards/accuracies": 0.75,
      "rewards/chosen": 0.0013610840323963203,
      "rewards/margins": 0.0019905090812244453,
      "rewards/rejected": -0.0006294250561040826,
      "step": 4
    },
    {
      "entropy": 10.82458233833313,
      "epoch": 0.6451612903225806,
      "grad_norm": 1.4162460565567017,
      "learning_rate": 2.5e-05,
      "logits/chosen": -1.0543322565434103e-05,
      "logits/rejected": -3.5603321779619115e-05,
      "logps/chosen": -459.94871520996094,
      "logps/rejected": -400.38033294677734,
      "loss": 0.6934836506843567,
      "mean_token_accuracy": 0.0,
      "num_tokens": 2458.0,
      "rewards/accuracies": 0.25,
      "rewards/chosen": -0.0003982544185419101,
      "rewards/margins": -0.0006713867442158516,
      "rewards/rejected": 0.0002731323315856571,
      "step": 5
    },
    {
      "entropy": 10.824567079544067,
      "epoch": 0.7741935483870968,
      "grad_norm": 0.6370634436607361,
      "learning_rate": 1.8750000000000002e-05,
      "logits/chosen": -2.1096387349200667e-05,
      "logits/rejected": -2.462356845647296e-05,
      "logps/chosen": -516.8169021606445,
      "logps/rejected": -400.5861358642578,
      "loss": 0.6930577754974365,
      "mean_token_accuracy": 0.0,
      "num_tokens": 2955.0,
      "rewards/accuracies": 0.5,
      "rewards/chosen": 0.0008338928469129314,
      "rewards/margins": 0.00017929080058820546,
      "rewards/rejected": 0.0006546020704263356,
      "step": 6
    },
    {
      "entropy": 10.824564695358276,
      "epoch": 0.9032258064516129,
      "grad_norm": 1.4385544061660767,
      "learning_rate": 1.25e-05,
      "logits/chosen": -4.202437095187126e-05,
      "logits/rejected": 1.9481173108592858e-05,
      "logps/chosen": -470.9147033691406,
      "logps/rejected": -357.22918701171875,
      "loss": 0.6924414038658142,
      "mean_token_accuracy": 0.0,
      "num_tokens": 3441.0,
      "rewards/accuracies": 1.0,
      "rewards/chosen": 0.0009910583430610131,
      "rewards/margins": 0.0014122008869890124,
      "rewards/rejected": -0.00042114256575587206,
      "step": 7
    },
    {
      "entropy": 10.824563026428223,
      "epoch": 1.0,
      "grad_norm": 0.6411308646202087,
      "learning_rate": 6.25e-06,
      "logits/chosen": -8.853411838263937e-05,
      "logits/rejected": -6.955771946869026e-05,
      "logps/chosen": -541.0392456054688,
      "logps/rejected": -411.31439208984375,
      "loss": 0.6930195093154907,
      "mean_token_accuracy": 0.0,
      "num_tokens": 3845.0,
      "rewards/accuracies": 0.6666666666666666,
      "rewards/chosen": 0.0005574544387248656,
      "rewards/margins": 0.0002553304172276209,
      "rewards/rejected": 0.00030212402149724465,
      "step": 8
    }
  ],
  "logging_steps": 1,
  "max_steps": 8,
  "num_input_tokens_seen": 0,
  "num_train_epochs": 1,
  "save_steps": 10,
  "stateful_callbacks": {
    "TrainerControl": {
      "args": {
        "should_epoch_stop": false,
        "should_evaluate": false,
        "should_log": false,
        "should_save": true,
        "should_training_stop": true
      },
      "attributes": {}
    }
  },
  "total_flos": 3844992.0,
  "train_batch_size": 1,
  "trial_name": null,
  "trial_params": null
}
